bins	SAMPLE_16	SAMPLE_17	SAMPLE_64	SAMPLE_65
Ramlibacter sp. MAG	26.67386609	27.61596548	93.79679144	93.36188437
Bacteroidetes sp. MAG1	58.96328294	58.25242718	0	0.107066381
Bacteroidetes sp. MAG2	5.291576674	7.551240561	0.748663102	0.214132762